INSERT INTO `role` VALUES (901,'ROLE_ADMIN'),(902,'ROLE_HEADMASTER'),(903,'ROLE_HOMEROOM'),(904,'ROLE_TEACHER'),(905,'ROLE_PARENT'),(906,'ROLE_STUDENT');

INSERT INTO `users` VALUES (1010,'1984-10-13',0,'3bakalara@gmail.com','1310984560160','Vuk','$2a$10$DSKH1PmwCuDmZ7heYVYlVu.ck32j9QKwdSmDzSe6niihPKcdLTdTa','Karadzic','admin',0,901),(1011,'1984-10-22',0,'stot@obdaniste.com','2210984595010','Svetlana','$2a$10$NgqtdP3W1SDjk/xgG.jDnOxoGhehi6sryiBs2AY4qTEQ/AqsUUD4W','Tot','tots',0,902),(1012,'1965-05-07',0,'dbangle29@yandex.ru','0705965448970','Dorthea','$2a$10$jP5g.JCOzsNyxboYs2ctw.4kaXO6AJUN39Vv4xwbB2pV6B0zoXnb6','Bangle','dbangle29',0,903),(1013,'1991-01-22',0,'skneafsey2a@lycos.com','2201991598780','Sara','$2a$10$jP5g.JCOzsNyxboYs2ctw.4kaXO6AJUN39Vv4xwbB2pV6B0zoXnb6','Kneafsey','skneafsey2a',0,903),(1014,'1926-10-27',0,'bbuha@obdaniste.com','2710926005940','Bosko','$2a$10$jP5g.JCOzsNyxboYs2ctw.4kaXO6AJUN39Vv4xwbB2pV6B0zoXnb6','Buha','buhab',0,903),(1015,'1981-10-20',0,'lpenbarthy2d@uiuc.edu','2010981050308','Lindi','$2a$10$jP5g.JCOzsNyxboYs2ctw.4kaXO6AJUN39Vv4xwbB2pV6B0zoXnb6','Penbarthy','lpenbarthy2d',0,903),(1016,'1914-11-15',0,'pdrapsin@obdaniste.com','1511914889550','Petar','$2a$10$jP5g.JCOzsNyxboYs2ctw.4kaXO6AJUN39Vv4xwbB2pV6B0zoXnb6','Drapsin','drapsinp',0,903),(1017,'1977-05-03',0,'riacomini2b@webnode.com','0305977502131','Rad','$2a$10$CgKhG2NhB2yHYlyVBgGbwunepk6JJ/p/nsE9l7SIMlhPj1vlftWfa','Iacomini','riacomini2b',0,904),(1018,'1970-04-06',0,'tdelouch2c@noaa.gov','0604970112865','Tamas','$2a$10$CgKhG2NhB2yHYlyVBgGbwunepk6JJ/p/nsE9l7SIMlhPj1vlftWfa','Delouch','tdelouch2c',0,904),(1019,'1879-05-28',0,'mmilankovic@obdaniste.com','2805879556013','Milutin','$2a$10$CgKhG2NhB2yHYlyVBgGbwunepk6JJ/p/nsE9l7SIMlhPj1vlftWfa','Milankovic','milankovicm',0,904),(1020,'1739-02-17',0,'dobradovic@obdaniste.com','1702879456110','Dositej','$2a$10$CgKhG2NhB2yHYlyVBgGbwunepk6JJ/p/nsE9l7SIMlhPj1vlftWfa','Obradovic','obradovicd',0,904),(1021,'1907-07-27',0,'plubarda@obdaniste.com','2707907889541','Petar','$2a$10$CgKhG2NhB2yHYlyVBgGbwunepk6JJ/p/nsE9l7SIMlhPj1vlftWfa','Lubarda','lubardap',0,904),(1022,'1875-12-19',0,'mmaric@obdaniste.com','1912875698854','Mileva','$2a$10$CgKhG2NhB2yHYlyVBgGbwunepk6JJ/p/nsE9l7SIMlhPj1vlftWfa','Maric','maricm',0,904),(1023,'1856-06-28',0,'ntesla@obdaniste.com','2806856998745','Nikola','$2a$10$CgKhG2NhB2yHYlyVBgGbwunepk6JJ/p/nsE9l7SIMlhPj1vlftWfa','Tesla','teslan',0,904),(1024,'1962-10-18',0,'htoxell21@yolasite.com','1810962887649','Helaine','$2a$10$CgKhG2NhB2yHYlyVBgGbwunepk6JJ/p/nsE9l7SIMlhPj1vlftWfa','Toxell','htoxell21',0,904),(1025,'1978-09-24',0,'vlourenco22@samsung.com','2409978096678','Verney','$2a$10$CgKhG2NhB2yHYlyVBgGbwunepk6JJ/p/nsE9l7SIMlhPj1vlftWfa','Lourenco','vlourenco22',0,904),(1026,'1968-06-30',0,'mstockdale23@un.org','3006968756643','Maritsa','$2a$10$CgKhG2NhB2yHYlyVBgGbwunepk6JJ/p/nsE9l7SIMlhPj1vlftWfa','Stockdale','mstockdale23',0,904),(1027,'1976-05-05',0,'izimmermanns24@i2i.jp','0505976539765','Irwinn','$2a$10$CgKhG2NhB2yHYlyVBgGbwunepk6JJ/p/nsE9l7SIMlhPj1vlftWfa','Zimmermanns','izimmermanns24',0,904),(1028,'1977-03-06',0,'kmallatratt25@prweb.com','0603977347659','Kora','$2a$10$CgKhG2NhB2yHYlyVBgGbwunepk6JJ/p/nsE9l7SIMlhPj1vlftWfa','Mallatratt','kmallatratt25',0,904),(1029,'1966-06-12',0,'bgawne26@icq.com','1206966098870','Brinna','$2a$10$CgKhG2NhB2yHYlyVBgGbwunepk6JJ/p/nsE9l7SIMlhPj1vlftWfa','Gawne','bgawne26',0,904),(1030,'1980-02-25',0,'bsheerman27@japanpost.jp','2502980809345','Blanche','$2a$10$CgKhG2NhB2yHYlyVBgGbwunepk6JJ/p/nsE9l7SIMlhPj1vlftWfa','Sheerman','bsheerman27',0,904),(1031,'1974-01-17',0,'halcott28@si.edu','1701974665098','Harriott','$2a$10$CgKhG2NhB2yHYlyVBgGbwunepk6JJ/p/nsE9l7SIMlhPj1vlftWfa','Alcott','halcott28',0,904),(1032,'1980-07-12',0,'3bakalara@gmail.com','1207980664388','Hussein','$2a$10$ujHQ9cn1fsj/BJtpRIsh/.Jc.sXQrEkvc0qO6UxaUWQDCJR3m65Uq','Hooban','hhooban1r',0,905),(1033,'1978-07-31',0,'3bakalara@gmail.com','3107978549801','Royall','$2a$10$ujHQ9cn1fsj/BJtpRIsh/.Jc.sXQrEkvc0qO6UxaUWQDCJR3m65Uq','Huc','rhuc1s',0,905),(1034,'1978-04-28',0,'3bakalara@gmail.com','2804978665832','Patty','$2a$10$ujHQ9cn1fsj/BJtpRIsh/.Jc.sXQrEkvc0qO6UxaUWQDCJR3m65Uq','Lune','plune1t',0,905),(1035,'1979-08-01',0,'3bakalara@gmail.com','0108979564732','Evania','$2a$10$ujHQ9cn1fsj/BJtpRIsh/.Jc.sXQrEkvc0qO6UxaUWQDCJR3m65Uq','Lankester','elankester1u',0,905),(1036,'1980-10-26',0,'3bakalara@gmail.com','2610980764321','Hali','$2a$10$ujHQ9cn1fsj/BJtpRIsh/.Jc.sXQrEkvc0qO6UxaUWQDCJR3m65Uq','Stackbridge','hstackbridge1v',0,905),(1037,'1981-04-21',0,'3bakalara@gmail.com','2104981800547','Crin','$2a$10$ujHQ9cn1fsj/BJtpRIsh/.Jc.sXQrEkvc0qO6UxaUWQDCJR3m65Uq','Birtwhistle','cbirtwhistle1w',0,905),(1038,'1977-07-13',0,'3bakalara@gmail.com','1707977654211','Loutitia','$2a$10$ujHQ9cn1fsj/BJtpRIsh/.Jc.sXQrEkvc0qO6UxaUWQDCJR3m65Uq','Bodiam','lbodiam1x',0,905),(1039,'1981-01-23',0,'3bakalara@gmail.com','2301981235442','Rodolphe','$2a$10$ujHQ9cn1fsj/BJtpRIsh/.Jc.sXQrEkvc0qO6UxaUWQDCJR3m65Uq','Wing','rwing1y',0,905),(1040,'1980-10-23',0,'3bakalara@gmail.com','2310980985643','Steward','$2a$10$ujHQ9cn1fsj/BJtpRIsh/.Jc.sXQrEkvc0qO6UxaUWQDCJR3m65Uq','Craze','scraze1z',0,905),(1041,'1978-08-30',0,'3bakalara@gmail.com','3008978010345','Lyndsay','$2a$10$ujHQ9cn1fsj/BJtpRIsh/.Jc.sXQrEkvc0qO6UxaUWQDCJR3m65Uq','Artus','lartus20',0,905),(1042,'2010-04-14',0,'wireson0@biblegateway.com','1404210839976','Wally','$2a$10$yZNEaOT7bKFB870wAOQmBeGXssAPZ/VtdrbMOkYQUsOaX.jc0kxrq','Ireson','wireson0',0,906),(1043,'2010-03-21',0,'rmcroberts1@umn.edu','2103010658456','Roana','$2a$10$yZNEaOT7bKFB870wAOQmBeGXssAPZ/VtdrbMOkYQUsOaX.jc0kxrq','McRoberts','rmcroberts1',0,906),(1044,'2010-05-18',0,'kjoffe2@yelp.com','1805010843572','Kenyon','$2a$10$yZNEaOT7bKFB870wAOQmBeGXssAPZ/VtdrbMOkYQUsOaX.jc0kxrq','Joffe','kjoffe2',0,906),(1045,'2010-06-22',0,'dstorer3@topsy.com','2206010895643','Donovan','$2a$10$yZNEaOT7bKFB870wAOQmBeGXssAPZ/VtdrbMOkYQUsOaX.jc0kxrq','Storer','dstorer3',0,906),(1046,'2010-12-20',0,'sbum4@vimeo.com','2012010887669','Smith','$2a$10$yZNEaOT7bKFB870wAOQmBeGXssAPZ/VtdrbMOkYQUsOaX.jc0kxrq','Bum','sbum4',0,906),(1047,'2010-01-07',0,'blembke5@dmoz.org','0701010432785','Briana','$2a$10$yZNEaOT7bKFB870wAOQmBeGXssAPZ/VtdrbMOkYQUsOaX.jc0kxrq','Lembke','blembke5',0,906),(1048,'2010-08-14',0,'genrique6@yolasite.com','1408010554867','Garvin','$2a$10$yZNEaOT7bKFB870wAOQmBeGXssAPZ/VtdrbMOkYQUsOaX.jc0kxrq','Enrique','genrique6',0,906),(1049,'2010-06-27',0,'ssowerbutts7@seattletimes.com','2706010265894','Sherye','$2a$10$yZNEaOT7bKFB870wAOQmBeGXssAPZ/VtdrbMOkYQUsOaX.jc0kxrq','Sowerbutts','ssowerbutts7',0,906),(1050,'2010-09-19',0,'jabramino8@w3.org','1909010235678','Judye','$2a$10$yZNEaOT7bKFB870wAOQmBeGXssAPZ/VtdrbMOkYQUsOaX.jc0kxrq','Abramino','jabramino8',0,906),(1051,'2009-07-19',0,'hleynagh9@usa.gov','1907009232467','Hallsy','$2a$10$yZNEaOT7bKFB870wAOQmBeGXssAPZ/VtdrbMOkYQUsOaX.jc0kxrq','Leynagh','hleynagh9',0,906),(1052,'2009-02-02',0,'iminorsa@adobe.com','0202009654821','Inez','$2a$10$yZNEaOT7bKFB870wAOQmBeGXssAPZ/VtdrbMOkYQUsOaX.jc0kxrq','Minors','iminorsa',0,906),(1053,'2009-01-27',0,'etrevenb@cnbc.com','2701009900456','Esme','$2a$10$yZNEaOT7bKFB870wAOQmBeGXssAPZ/VtdrbMOkYQUsOaX.jc0kxrq','Treven','etrevenb',0,906),(1054,'2009-08-06',0,'rstuttmanc@google.com.au','0608009126547','Roxanna','$2a$10$yZNEaOT7bKFB870wAOQmBeGXssAPZ/VtdrbMOkYQUsOaX.jc0kxrq','Stuttman','rstuttmanc',0,906),(1055,'2009-07-01',0,'gmord@stumbleupon.com','0107009987345','Gwynne','$2a$10$yZNEaOT7bKFB870wAOQmBeGXssAPZ/VtdrbMOkYQUsOaX.jc0kxrq','Mor','gmord',0,906),(1056,'2009-10-23',0,'drytone@com.com','2310009768342','Daria','$2a$10$yZNEaOT7bKFB870wAOQmBeGXssAPZ/VtdrbMOkYQUsOaX.jc0kxrq','Ryton','drytone',0,906),(1057,'2009-12-17',0,'lkuschekf@columbia.edu','1712009003211','Lyndell','$2a$10$yZNEaOT7bKFB870wAOQmBeGXssAPZ/VtdrbMOkYQUsOaX.jc0kxrq','Kuschek','lkuschekf',0,906),(1058,'2009-07-25',0,'anowellg@soundcloud.com','2507009004003','Ameline','$2a$10$yZNEaOT7bKFB870wAOQmBeGXssAPZ/VtdrbMOkYQUsOaX.jc0kxrq','Nowell','anowellg',0,906),(1059,'2009-07-04',0,'mgannicotth@ezinearticles.com','0407009993311','Maurie','$2a$10$yZNEaOT7bKFB870wAOQmBeGXssAPZ/VtdrbMOkYQUsOaX.jc0kxrq','Gannicott','mgannicotth',0,906),(1060,'2008-08-30',0,'mwringei@patch.com','3008008232465','Marthe','$2a$10$yZNEaOT7bKFB870wAOQmBeGXssAPZ/VtdrbMOkYQUsOaX.jc0kxrq','Wringe','mwringei',0,906),(1061,'2008-04-25',0,'vatterj@state.tx.us','2504008213141','Veronique','$2a$10$yZNEaOT7bKFB870wAOQmBeGXssAPZ/VtdrbMOkYQUsOaX.jc0kxrq','Atter','vatterj',0,906),(1062,'2008-12-28',0,'cjunesk@psu.edu','2812008923334','Christie','$2a$10$yZNEaOT7bKFB870wAOQmBeGXssAPZ/VtdrbMOkYQUsOaX.jc0kxrq','Junes','cjunesk',0,906),(1063,'2008-12-25',0,'rchinnockl@psu.edu','2512008005432','Red','$2a$10$yZNEaOT7bKFB870wAOQmBeGXssAPZ/VtdrbMOkYQUsOaX.jc0kxrq','Chinnock','rchinnockl',0,906),(1064,'2008-10-03',0,'jburtwistlem@360.cn','0310008367889','Jordan','$2a$10$yZNEaOT7bKFB870wAOQmBeGXssAPZ/VtdrbMOkYQUsOaX.jc0kxrq','Burtwistle','jburtwistlem',0,906),(1065,'2008-07-17',0,'wtimmesn@lulu.com','1707008125432','Wendall','$2a$10$yZNEaOT7bKFB870wAOQmBeGXssAPZ/VtdrbMOkYQUsOaX.jc0kxrq','Timmes','wtimmesn',0,906),(1066,'2008-09-20',0,'ggiottoio@fc2.com','2009008112235','Gerrard','$2a$10$yZNEaOT7bKFB870wAOQmBeGXssAPZ/VtdrbMOkYQUsOaX.jc0kxrq','Giottoi','ggiottoio',0,906),(1067,'2008-01-19',0,'jattargep@stanford.edu','1901008776432','Jessalyn','$2a$10$yZNEaOT7bKFB870wAOQmBeGXssAPZ/VtdrbMOkYQUsOaX.jc0kxrq','Attarge','jattargep',0,906),(1068,'2008-02-12',0,'mbrislenq@comsenz.com','1202000800548','Marcille','$2a$10$yZNEaOT7bKFB870wAOQmBeGXssAPZ/VtdrbMOkYQUsOaX.jc0kxrq','Brislen','mbrislenq',0,906),(1069,'2007-09-23',0,'fmattiellor@earthlink.net','2309007664487','Fons','$2a$10$yZNEaOT7bKFB870wAOQmBeGXssAPZ/VtdrbMOkYQUsOaX.jc0kxrq','Mattiello','fmattiellor',0,906),(1070,'2007-10-09',0,'tfowellss@amazon.de','0910007432587','Tish','$2a$10$yZNEaOT7bKFB870wAOQmBeGXssAPZ/VtdrbMOkYQUsOaX.jc0kxrq','Fowells','tfowellss',0,906),(1071,'2007-12-07',0,'mkarlemant@alexa.com','0712007954781','Minette','$2a$10$yZNEaOT7bKFB870wAOQmBeGXssAPZ/VtdrbMOkYQUsOaX.jc0kxrq','Karleman','mkarlemant',0,906),(1072,'2007-11-08',0,'jpothergillu@tripod.com','0811007004567','Jesse','$2a$10$yZNEaOT7bKFB870wAOQmBeGXssAPZ/VtdrbMOkYQUsOaX.jc0kxrq','Pothergill','jpothergillu',0,906),(1073,'2007-07-07',0,'rcolombierv@purevolume.com','0707007500065','Rosene','$2a$10$yZNEaOT7bKFB870wAOQmBeGXssAPZ/VtdrbMOkYQUsOaX.jc0kxrq','Colombier','rcolombierv',0,906),(1074,'2007-05-06',0,'fallwardw@naver.com','0605007523124','Florinda','$2a$10$yZNEaOT7bKFB870wAOQmBeGXssAPZ/VtdrbMOkYQUsOaX.jc0kxrq','Allward','fallwardw',0,906),(1075,'2007-09-09',0,'gvyvyanx@guardian.co.uk','0909007125476','Gibbie','$2a$10$yZNEaOT7bKFB870wAOQmBeGXssAPZ/VtdrbMOkYQUsOaX.jc0kxrq','Vyvyan','gvyvyanx',0,906),(1076,'2007-07-29',0,'roldingy@sfgate.com','2907007324675','Rabi','$2a$10$yZNEaOT7bKFB870wAOQmBeGXssAPZ/VtdrbMOkYQUsOaX.jc0kxrq','Olding','roldingy',0,906),(1077,'2007-04-18',0,'nfengez@technorati.com','1804007856743','Nye','$2a$10$yZNEaOT7bKFB870wAOQmBeGXssAPZ/VtdrbMOkYQUsOaX.jc0kxrq','Fenge','nfengez',0,906),(1078,'2006-10-23',0,'bhustings10@indiatimes.com','2310006769834','Bjorn','$2a$10$yZNEaOT7bKFB870wAOQmBeGXssAPZ/VtdrbMOkYQUsOaX.jc0kxrq','Hustings','bhustings10',0,906),(1079,'2006-02-24',0,'sarnaldy11@miibeian.gov.cn','2402006764812','Sharron','$2a$10$yZNEaOT7bKFB870wAOQmBeGXssAPZ/VtdrbMOkYQUsOaX.jc0kxrq','Arnaldy','sarnaldy11',0,906),(1080,'2006-07-24',0,'tbeneix12@springer.com','2407006765981','Theodore','$2a$10$yZNEaOT7bKFB870wAOQmBeGXssAPZ/VtdrbMOkYQUsOaX.jc0kxrq','Beneix','tbeneix12',0,906),(1081,'2006-07-15',0,'lwaddington13@cloudflare.com','1507006996634','Lina','$2a$10$yZNEaOT7bKFB870wAOQmBeGXssAPZ/VtdrbMOkYQUsOaX.jc0kxrq','Waddington','lwaddington13',0,906),(1082,'2006-06-05',0,'lcamps14@wired.com','0605006465768','Leona','$2a$10$yZNEaOT7bKFB870wAOQmBeGXssAPZ/VtdrbMOkYQUsOaX.jc0kxrq','Camps','lcamps14',0,906),(1083,'2006-05-03',0,'mbaughen15@t.co','0305006126544','Marcie','$2a$10$yZNEaOT7bKFB870wAOQmBeGXssAPZ/VtdrbMOkYQUsOaX.jc0kxrq','Baughen','mbaughen15',0,906),(1084,'2006-02-01',0,'gmiddup16@yellowbook.com','0102006753277','Georges','$2a$10$yZNEaOT7bKFB870wAOQmBeGXssAPZ/VtdrbMOkYQUsOaX.jc0kxrq','Middup','gmiddup16',0,906),(1085,'2006-07-06',0,'tspondley17@constantcontact.com','0607006789456','Tades','$2a$10$yZNEaOT7bKFB870wAOQmBeGXssAPZ/VtdrbMOkYQUsOaX.jc0kxrq','Spondley','tspondley17',0,906),(1086,'2006-04-24',0,'flyes18@hubpages.com','2404006125465','Fred','$2a$10$yZNEaOT7bKFB870wAOQmBeGXssAPZ/VtdrbMOkYQUsOaX.jc0kxrq','Lyes','flyes18',0,906),(1087,'2005-03-10',0,'nroos19@ucsd.edu','1003005378865','Nye','$2a$10$yZNEaOT7bKFB870wAOQmBeGXssAPZ/VtdrbMOkYQUsOaX.jc0kxrq','Roos','nroos19',0,906),(1088,'2005-04-12',0,'lmccraine1a@bizjournals.com','1204005785433','Lynne','$2a$10$yZNEaOT7bKFB870wAOQmBeGXssAPZ/VtdrbMOkYQUsOaX.jc0kxrq','McCraine','lmccraine1a',0,906),(1089,'2005-11-01',0,'aabramzon1b@dagondesign.com','0111005123456','Arlena','$2a$10$yZNEaOT7bKFB870wAOQmBeGXssAPZ/VtdrbMOkYQUsOaX.jc0kxrq','Abramzon','aabramzon1b',0,906),(1090,'2005-03-11',0,'esommerlie1c@wikimedia.org','1103005849323','Elga','$2a$10$yZNEaOT7bKFB870wAOQmBeGXssAPZ/VtdrbMOkYQUsOaX.jc0kxrq','Sommerlie','esommerlie1c',0,906),(1091,'2005-06-07',0,'mtredget1d@whitehouse.gov','0706005438755','Monti','$2a$10$yZNEaOT7bKFB870wAOQmBeGXssAPZ/VtdrbMOkYQUsOaX.jc0kxrq','Tredget','mtredget1d',0,906),(1092,'2005-08-25',0,'dducker1e@stumbleupon.com','2508005999567','Dominica','$2a$10$yZNEaOT7bKFB870wAOQmBeGXssAPZ/VtdrbMOkYQUsOaX.jc0kxrq','Ducker','dducker1e',0,906),(1093,'2005-04-14',0,'pgardener1f@desdev.cn','1404005231457','Pavia','$2a$10$yZNEaOT7bKFB870wAOQmBeGXssAPZ/VtdrbMOkYQUsOaX.jc0kxrq','Gardener','pgardener1f',0,906),(1094,'2005-05-21',0,'sbulleyn1g@google.co.jp','2105005884433','Skippie','$2a$10$yZNEaOT7bKFB870wAOQmBeGXssAPZ/VtdrbMOkYQUsOaX.jc0kxrq','Bulleyn','sbulleyn1g',0,906),(1095,'2005-06-16',0,'dtournie1h@craigslist.org','1606005676895','Darcey','$2a$10$yZNEaOT7bKFB870wAOQmBeGXssAPZ/VtdrbMOkYQUsOaX.jc0kxrq','Tournie','dtournie1h',0,906),(1096,'2004-07-07',0,'aschild1i@unicef.org','0707004557663','Aimil','$2a$10$yZNEaOT7bKFB870wAOQmBeGXssAPZ/VtdrbMOkYQUsOaX.jc0kxrq','Schild','aschild1i',0,906),(1097,'2004-06-12',0,'wkrolik1j@springer.com','1206004768594','Wendi','$2a$10$yZNEaOT7bKFB870wAOQmBeGXssAPZ/VtdrbMOkYQUsOaX.jc0kxrq','Krolik','wkrolik1j',0,906),(1098,'2004-05-26',0,'rivanilov1k@bloglovin.com','2605004818194','Robinette','$2a$10$yZNEaOT7bKFB870wAOQmBeGXssAPZ/VtdrbMOkYQUsOaX.jc0kxrq','Ivanilov','rivanilov1k',0,906),(1099,'2004-01-26',0,'wweddup1l@rediff.com','2601004080956','Wallas','$2a$10$yZNEaOT7bKFB870wAOQmBeGXssAPZ/VtdrbMOkYQUsOaX.jc0kxrq','Weddup','wweddup1l',0,906),(1100,'2004-11-08',0,'vdonhardt1m@google.com.hk','0811004214156','Vidovik','$2a$10$yZNEaOT7bKFB870wAOQmBeGXssAPZ/VtdrbMOkYQUsOaX.jc0kxrq','Donhardt','vdonhardt1m',0,906),(1101,'2004-07-18',0,'rbredes1n@fastcompany.com','1807004444487','Royall','$2a$10$yZNEaOT7bKFB870wAOQmBeGXssAPZ/VtdrbMOkYQUsOaX.jc0kxrq','Bredes','rbredes1n',0,906),(1102,'2004-09-13',0,'cfick1o@xrea.com','1309004988854','Carol-jean','$2a$10$yZNEaOT7bKFB870wAOQmBeGXssAPZ/VtdrbMOkYQUsOaX.jc0kxrq','Fick','cfick1o',0,906),(1103,'2004-09-22',0,'rstear1p@comsenz.com','2209004510237','Renata','$2a$10$yZNEaOT7bKFB870wAOQmBeGXssAPZ/VtdrbMOkYQUsOaX.jc0kxrq','Stear','rstear1p',0,906),(1104,'2004-02-15',0,'afawdrie1q@ucla.edu','1502004658996','Aila','$2a$10$yZNEaOT7bKFB870wAOQmBeGXssAPZ/VtdrbMOkYQUsOaX.jc0kxrq','Fawdrie','afawdrie1q',0,906);

INSERT INTO `student_group` VALUES (10600,0,0,'I',1),(10601,0,0,'I',2),(10602,0,0,'I',3),(10603,0,0,'II',1),(10604,0,0,'II',2),(10605,0,0,'II',3),(10606,0,0,'III',1),(10607,0,0,'III',2),(10608,0,0,'III',3),(10609,0,0,'IV',1),(10610,0,0,'IV',2),(10611,0,0,'IV',3),(10612,0,0,'V',1),(10613,0,0,'V',2),(10614,0,0,'V',3),(10615,0,0,'VI',1),(10616,0,0,'VI',2),(10617,0,0,'VI',3),(10618,0,0,'VII',1),(10619,0,0,'VII',2),(10620,0,0,'VII',3),(10621,0,0,'VIII',1);

INSERT INTO `students` VALUES ('0597036',1042,10600),('0597784',1043,10600),('1099674',1044,10600),('0597784',1045,10601),('0597785',1046,10601),('0597786',1047,10601),('0597787',1048,10602),('0597788',1049,10602),('0597789',1050,10602),('0597790',1051,10603),('0597791',1052,10603),('0597792',1053,10603),('0597793',1054,10604),('0597794',1055,10604),('0597795',1056,10604),('0597796',1057,10605),('0597797',1058,10605),('0597798',1059,10605),('0597799',1060,10606),('0597800',1061,10606),('0597801',1062,10606),('0597802',1063,10607),('0597803',1064,10607),('0597804',1065,10607),('0597805',1066,10608),('0597806',1067,10608),('0597807',1068,10608),('0597808',1069,10609),('0597809',1070,10609),('0597810',1071,10609),('0597811',1072,10610),('0597812',1073,10610),('0597813',1074,10610),('0597814',1075,10611),('0597815',1076,10611),('0597816',1077,10611),('0597817',1078,10612),('0597818',1079,10612),('0597819',1080,10612),('0597820',1081,10613),('0597821',1082,10613),('0597822',1083,10613),('0597823',1084,10614),('0597824',1085,10614),('0597825',1086,10614),('0597826',1087,10615),('0597827',1088,10615),('0597828',1089,10615),('0597829',1090,10616),('0597830',1091,10616),('0597831',1092,10616),('0597832',1093,10617),('0597833',1094,10617),('0597834',1095,10617),('0597835',1096,10618),('0597836',1097,10618),('0597837',1098,10618),('0597838',1099,10619),('0597839',1100,10619),('0597840',1101,10619),('0597841',1102,10620),('0597842',1103,10620),('0597843',1104,10621);

INSERT INTO `parents` VALUES ('+381-60-978-5912',1032),('+381-65-618-519',1033),('+381-66-521-5981',1034),('+381-62-664-421',1035),('+381-60-169-0978',1036),('+381-64-564-1977',1037),('+381-65-198-6798',1038),('+381-66-798-4656',1039),('+381-63-222-333',1040),('+381-61-691-382',1041);

INSERT INTO `teachers` VALUES (1,0,0,65000,25000,0,0,'2020-01-13',15,1010,NULL),(0,1,0,65000,0,30000,0,'2018-05-20',10,1011,NULL),(0,0,1,65000,0,0,15000,'2017-01-05',20,1012,10606),(0,0,1,65000,0,0,15000,'2016-09-20',20,1013,10610),(0,0,1,65000,0,0,15000,'2016-09-01',20,1014,10601),(0,0,1,65000,0,0,15000,'2009-01-01',20,1015,10619),(0,0,1,65000,0,0,15000,'2015-11-28',20,1016,10616),(0,0,0,65000,0,0,0,'2020-05-06',26,1017,NULL),(0,0,0,65000,0,0,0,'2021-02-04',26,1018,NULL),(0,0,0,65000,0,0,0,'2020-01-06',26,1019,NULL),(0,0,0,65000,0,0,0,'2020-04-22',28,1020,NULL),(0,0,0,65000,0,0,0,'2019-12-01',30,1021,NULL),(0,0,0,65000,0,0,0,'2019-10-11',28,1022,NULL),(0,0,0,65000,0,0,0,'2020-08-19',30,1023,NULL),(0,0,0,65000,0,0,0,'2019-07-12',26,1024,NULL),(0,0,0,65000,0,0,0,'2020-10-15',26,1025,NULL),(0,0,0,65000,0,0,0,'2020-03-15',24,1026,NULL),(0,0,0,65000,0,0,0,'2020-02-17',12,1027,NULL),(0,0,0,65000,0,0,0,'2020-04-05',20,1028,NULL),(0,0,0,65000,0,0,0,'2019-03-26',26,1029,NULL),(0,0,0,65000,0,0,0,'2020-05-17',24,1030,NULL),(0,0,0,65000,0,0,0,'2019-09-28',20,1031,NULL);

INSERT INTO `students_and_parents` VALUES (10500,0,0,1032,1042),(10501,0,0,1033,1042),(10502,0,0,1032,1078),(10503,0,0,1033,1078),(10504,0,0,1034,1043),(10505,0,0,1035,1043),(10506,0,0,1034,1086),(10507,0,0,1035,1086),(10508,0,0,1036,1069),(10509,0,0,1037,1069),(10510,0,0,1038,1044),(10511,0,0,1039,1044),(10512,0,0,1038,1062),(10513,0,0,1039,1062),(10514,0,0,1038,1088),(10515,0,0,1039,1088),(10516,0,0,1040,1072),(10517,0,0,1041,1072),(10518,0,0,1041,1045),(10519,0,0,1041,1046),(10520,0,0,1041,1047),(10521,0,0,1041,1048),(10522,0,0,1041,1049),(10523,0,0,1041,1050),(10524,0,0,1041,1051),(10525,0,0,1041,1052),(10526,0,0,1041,1053),(10527,0,0,1041,1054),(10528,0,0,1041,1055),(10529,0,0,1041,1056),(10530,0,0,1041,1057),(10531,0,0,1041,1058),(10532,0,0,1041,1059),(10533,0,0,1041,1060),(10534,0,0,1041,1061),(10535,0,0,1041,1063),(10536,0,0,1041,1064),(10537,0,0,1041,1065),(10538,0,0,1041,1066),(10539,0,0,1041,1067),(10540,0,0,1041,1068),(10541,0,0,1041,1070),(10542,0,0,1041,1071),(10543,0,0,1041,1073),(10544,0,0,1041,1074),(10545,0,0,1041,1075),(10546,0,0,1041,1076),(10547,0,0,1041,1077),(10548,0,0,1041,1079),(10549,0,0,1041,1080),(10550,0,0,1041,1081),(10551,0,0,1041,1082),(10552,0,0,1041,1083),(10553,0,0,1041,1084),(10554,0,0,1041,1085),(10555,0,0,1041,1087),(10556,0,0,1041,1089),(10557,0,0,1041,1090),(10558,0,0,1041,1091),(10559,0,0,1041,1092),(10560,0,0,1041,1093),(10561,0,0,1041,1094),(10562,0,0,1041,1095),(10563,0,0,1041,1096),(10564,0,0,1041,1097),(10565,0,0,1041,1098),(10566,0,0,1041,1099),(10567,0,0,1041,1100),(10568,0,0,1041,1101),(10569,0,0,1041,1102),(10570,0,0,1041,1103),(10571,0,0,1041,1104);

INSERT INTO `subjects` VALUES (10200,0,'Mother tongue education','SERBIAN_LANGUAGE_AND_LITERATURE',0,12,'VII'),(10201,0,'Geometry and polynomials','MATHEMATICS',0,12,'VIII'),(10202,0,'English grammar and literature','ENGLISH_LANGUAGE',0,12,'V'),(10203,0,'Pottery','FINE_ART',0,3,'VI'),(10204,0,'Triangle compositions','MUSIC',0,3,'VIII'),(10205,0,'Rhythmic gymnastics','PHYSICAL_EDUCATION',0,12,'VI'),(10206,0,'Judaism','RELIGIOUS_EDUCATION',0,3,'V'),(10207,0,'Non govermental organizations','CIVICS',0,3,'V'),(10208,0,'Arithmetical functions','MATHEMATICS',0,12,'VII'),(10209,0,'Swedish as a second language','FOREIGN_LANGUAGE_I',0,6,'V'),(10210,0,'World War I','HISTORY',0,6,'VI'),(10211,0,'Insects and birds','BIOLOGY',0,6,'VII'),(10212,0,'German as a second language','FOREIGN_LANGUAGE_II',0,6,'VI'),(10213,0,'Africa and Asia','GEOGRAPHY',0,6,'V'),(10214,0,'Mechanics','PHYSICS',0,6,'VIII'),(10215,0,'Inorganic chemistry','CHEMISTRY',0,6,'VII'),(10216,0,'Serbian, Mathematics and PE','GENERAL_EDUCATION',0,60,'I'),(10217,0,'Serbian, Mathematics, PE and Music','GENERAL_EDUCATION',0,60,'II'),(10218,0,'Serbian, Mathematics, PE, Music and Arts','GENERAL_EDUCATION',0,60,'III'),(10219,0,'Serbian, Mathematics, PE, Music, Arts and History','GENERAL_EDUCATION',0,60,'IV');

INSERT INTO `teachers_and_subjects` VALUES (10300,0,0,14,10216,1014),(10301,0,0,6,10210,1014),(10302,0,0,12,10200,1010),(10303,0,0,10,10201,1011),(10304,0,0,12,10202,1012),(10305,0,0,3,10203,1013),(10306,0,0,3,10204,1013),(10307,0,0,12,10205,1015),(10308,0,0,3,10206,1016),(10309,0,0,3,10207,1017),(10310,0,0,12,10208,1018),(10311,0,0,6,10209,1019),(10312,0,0,6,10210,1020),(10313,0,0,6,10211,1021),(10314,0,0,6,10212,1022),(10315,0,0,6,10213,1023),(10316,0,0,6,10214,1024),(10317,0,0,6,10215,1025),(10318,0,0,24,10219,1026),(10319,0,0,12,10217,1027),(10320,0,0,20,10218,1028);

INSERT INTO `student_groups_and_teacher_subjects` VALUES (10400,0,0,20,10600,10300),(10401,0,0,20,10603,10319),(10402,0,0,20,10606,10320),(10403,0,0,20,10609,10318),(10404,0,0,4,10612,10304),(10405,0,0,1,10612,10308),(10406,0,0,1,10612,10309),(10407,0,0,2,10612,10311),(10408,0,0,2,10612,10315),(10409,0,0,1,10615,10305),(10410,0,0,4,10615,10307),(10411,0,0,2,10615,10312),(10412,0,0,2,10615,10314),(10413,0,0,4,10618,10302),(10414,0,0,4,10618,10310),(10415,0,0,2,10618,10313),(10416,0,0,2,10618,10317),(10417,0,0,2,10619,10313),(10418,0,0,2,10619,10317),(10419,0,0,1,10613,10308),(10420,0,0,1,10613,10309),(10421,0,0,3,10621,10303);

INSERT INTO `assignments` VALUES (10900,'2021-10-19',NULL,'2021-10-19',0,'Paint a picture of a dog','2021-10-25',NULL,NULL,1,'PRACTICAL',0,1042,10300),(10901,'2021-03-16',NULL,'2021-03-16',0,'The most important battles in 1914','2021-03-25',NULL,NULL,2,'ESSAY',0,1087,10301),(10902,'2021-05-04',NULL,'2021-05-04',0,'Write an essay on the topic \"Spring in my park\"\"\"','2021-05-06',NULL,NULL,1,'HOMEWORK',0,1097,10302),(10903,'2021-05-13',NULL,'2021-05-13',0,'Solve the given equations','2021-05-15',NULL,NULL,2,'HOMEWORK',0,1104,10303),(10904,'2021-05-05',NULL,'2021-05-05',0,'Learn 15 new words and write 10 sentences','2021-05-07',NULL,NULL,2,'HOMEWORK',0,1078,10304),(10905,NULL,NULL,'2021-01-13',0,'Make a clay cup',NULL,NULL,NULL,1,'HOMEWORK',0,NULL,10305),(10906,NULL,NULL,'2021-05-17',0,'Play a composition',NULL,NULL,NULL,2,'TEST',0,NULL,10306),(10907,NULL,NULL,'2021-06-29',0,'Show 3 moves with a ball',NULL,NULL,NULL,1,'TEST',0,NULL,10307),(10908,NULL,NULL,'2021-09-01',0,'Multiple choice test ',NULL,NULL,NULL,2,'TEST',0,NULL,10308),(10909,NULL,NULL,'2021-07-02',0,'Multiple choice test ',NULL,NULL,NULL,2,'TEST',0,NULL,10309),(10910,NULL,NULL,'2021-12-30',0,'Solve two functions',NULL,NULL,NULL,1,'TEST',0,NULL,10310),(10911,NULL,NULL,'2021-06-04',0,'Test in plural nouns',NULL,NULL,NULL,1,'TEST',0,NULL,10311),(10912,NULL,NULL,'2021-07-11',0,'Test about the Sarajevo assassination 1914',NULL,NULL,NULL,1,'TEST',0,NULL,10312),(10913,NULL,NULL,'2021-01-30',0,'The importance of bees',NULL,NULL,NULL,2,'ORAL',0,NULL,10313),(10914,NULL,NULL,'2021-02-25',0,'Irregular verbs',NULL,NULL,NULL,2,'ORAL',0,NULL,10314),(10915,NULL,NULL,'2021-09-21',0,'The most famous waterfalls in Africa',NULL,NULL,NULL,1,'ORAL',0,NULL,10315),(10916,NULL,NULL,'2021-03-07',0,'Newton\'s laws',NULL,NULL,NULL,1,'ORAL',0,NULL,10316),(10917,NULL,NULL,'2021-11-21',0,'Inorganic compounds',NULL,NULL,NULL,1,'ORAL',0,NULL,10317),(10918,NULL,NULL,'2021-08-09',0,'Write an essay on the topic \"My summer holiday\"\"\"',NULL,NULL,NULL,1,'ESSAY',0,NULL,10318),(10919,NULL,NULL,'2021-02-06',0,'Basic moves in basketball',NULL,NULL,NULL,1,'PRACTICAL',0,NULL,10319),(10920,NULL,NULL,'2021-02-17',0,'Make a sketch of a still life',NULL,NULL,NULL,2,'PRACTICAL',0,NULL,10320),(10921,'2021-10-19',NULL,'2021-10-19',0,'Paint a picture of a dog','2021-10-25',NULL,NULL,1,'PRACTICAL',0,1043,10300),(10922,'2021-10-19',NULL,'2021-10-19',0,'Paint a picture of a dog','2021-10-25',NULL,NULL,1,'PRACTICAL',0,1044,10300),(10923,'2021-03-16',NULL,'2021-03-16',0,'The most important battles in 1914','2021-03-25',NULL,NULL,2,'ESSAY',0,1088,10301),(10924,'2021-03-16',NULL,'2021-03-16',0,'The most important battles in 1914','2021-03-25',NULL,NULL,2,'ESSAY',0,1089,10301),(10925,'2021-05-04',NULL,'2021-05-04',0,'Write an essay on the topic \"Spring in my park\"\"\"','2021-05-06',NULL,NULL,1,'HOMEWORK',0,1098,10302),(10926,'2021-05-04',NULL,'2021-05-04',0,'Write an essay on the topic \"Spring in my park\"\"\"','2021-05-06',NULL,NULL,1,'HOMEWORK',0,1099,10302),(10927,'2021-05-05',NULL,'2021-05-05',0,'Learn 15 new words and write 10 sentences','2021-05-07',NULL,NULL,2,'HOMEWORK',0,1079,10304),(10928,'2021-05-05',NULL,'2021-05-05',0,'Learn 15 new words and write 10 sentences','2021-05-07',NULL,NULL,2,'HOMEWORK',0,1080,10304);